ID,names,email,createdAt,createdBy,modifiedAt,modifiedBy
5553542f-4efd-4dd8-b51d-9b15b6f1780e,names-5553542,email-5553542,2015-08-19T22:00:00.000Z,createdBy.3b152@example.net,2006-05-19T22:00:00.000Z,modifiedBy.3b152@example.com
27718225-7148-406d-bf37-aba219271c3f,names-27718225,email-27718225,2018-12-16T22:00:00.000Z,createdBy.gi3ip@example.net,2005-05-22T22:00:00.000Z,modifiedBy.gi3ip@example.org
27718226-6e50-471f-b264-72ce829ac506,names-27718226,email-27718226,2000-05-11T22:00:00.000Z,createdBy.gi3iq@example.com,2014-09-10T22:00:00.000Z,modifiedBy.gi3iq@example.net
27718227-3ca9-4455-8a14-146617341456,names-27718227,email-27718227,2022-01-28T22:00:00.000Z,createdBy.gi3ir@example.net,2009-03-04T22:00:00.000Z,modifiedBy.gi3ir@example.com
27718228-0028-4a8e-a619-9e8f25d8729a,names-27718228,email-27718228,2009-09-22T22:00:00.000Z,createdBy.gi3is@example.org,2014-06-14T22:00:00.000Z,modifiedBy.gi3is@example.org
27718229-7e2a-4754-8efe-5ef0d7f6097d,names-27718229,email-27718229,2007-05-23T22:00:00.000Z,createdBy.gi3it@example.com,2003-07-13T22:00:00.000Z,modifiedBy.gi3it@example.net
27718230-2ff8-4922-990f-dac70ead040b,names-27718230,email-27718230,2012-04-20T22:00:00.000Z,createdBy.gi3iu@example.net,2013-12-03T22:00:00.000Z,modifiedBy.gi3iu@example.org
27718231-c4ab-4c4d-a57d-e1a7e40d7d47,names-27718231,email-27718231,2007-06-12T22:00:00.000Z,createdBy.gi3iv@example.net,2010-09-30T22:00:00.000Z,modifiedBy.gi3iv@example.org
27718232-7d03-4094-b13c-fbbe74cb3e6d,names-27718232,email-27718232,2023-12-25T22:00:00.000Z,createdBy.gi3iw@example.org,2023-05-05T22:00:00.000Z,modifiedBy.gi3iw@example.net
27718233-b6cb-4bf4-84a9-75ac32923291,names-27718233,email-27718233,2019-04-12T22:00:00.000Z,createdBy.gi3ix@example.com,2007-01-21T22:00:00.000Z,modifiedBy.gi3ix@example.com
